{
 "creation": "2019-09-13 21:33:55.551941",
 "doctype": "DocType",
 "editable_grid": 1,
 "engine": "InnoDB",
 "field_order": [
  "document_type"
 ],
 "fields": [
  {
   "fieldname": "document_type",
   "fieldtype": "Link",
   "in_list_view": 1,
   "label": "Document Type",
   "options": "DocType"
  }
 ],
 "istable": 1,
 "modified": "2019-09-18 17:59:44.354052",
 "modified_by": "Administrator",
 "module": "Desk",
 "name": "Global Search DocType",
 "owner": "Administrator",
 "permissions": [],
 "quick_entry": 1,
 "sort_field": "modified",
 "sort_order": "DESC",
 "track_changes": 1
}