{
 "allow_copy": 0, 
 "allow_import": 0, 
 "allow_rename": 0, 
 "beta": 0, 
 "creation": "2016-08-29 05:29:16.726172", 
 "custom": 0, 
 "docstatus": 0, 
 "doctype": "DocType", 
 "document_type": "", 
 "editable_grid": 1, 
 "fields": [
  {
   "allow_on_submit": 0, 
   "bold": 0, 
   "collapsible": 0, 
   "columns": 0, 
   "fieldname": "user", 
   "fieldtype": "Link", 
   "hidden": 0, 
   "ignore_user_permissions": 0, 
   "ignore_xss_filter": 0, 
   "in_filter": 0, 
   "in_list_view": 1, 
   "label": "User", 
   "length": 0, 
   "no_copy": 0, 
   "options": "User", 
   "permlevel": 0, 
   "precision": "", 
   "print_hide": 0, 
   "print_hide_if_no_value": 0, 
   "read_only": 0, 
   "report_hide": 0, 
   "reqd": 0, 
   "search_index": 0, 
   "set_only_once": 0, 
   "unique": 0
  }
 ], 
 "hide_heading": 0, 
 "hide_toolbar": 0, 
 "idx": 0, 
 "image_view": 0, 
 "in_create": 0, 

 "is_submittable": 0, 
 "issingle": 0, 
 "istable": 1, 
 "max_attachments": 0, 
 "modified": "2016-08-29 06:02:41.531341", 
 "modified_by": "Administrator", 
 "module": "Desk", 
 "name": "Note Seen By", 
 "name_case": "", 
 "owner": "Administrator", 
 "permissions": [], 
 "quick_entry": 1, 
 "read_only": 0, 
 "read_only_onload": 0, 
 "sort_field": "modified", 
 "sort_order": "DESC", 
 "track_seen": 0
}