{
 "actions": [],
 "creation": "2020-04-28 22:06:08.544187",
 "doctype": "DocType",
 "editable_grid": 1,
 "engine": "InnoDB",
 "field_order": [
  "step"
 ],
 "fields": [
  {
   "fieldname": "step",
   "fieldtype": "Link",
   "in_list_view": 1,
   "label": "Step",
   "options": "Onboarding Step",
   "reqd": 1
  }
 ],
 "istable": 1,
 "links": [],
 "modified": "2020-04-28 22:06:09.503406",
 "modified_by": "Administrator",
 "module": "Desk",
 "name": "Onboarding Step Map",
 "owner": "Administrator",
 "permissions": [],
 "quick_entry": 1,
 "sort_field": "modified",
 "sort_order": "DESC",
 "track_changes": 1
}