{
 "actions": [],
 "creation": "2019-03-12 15:00:57.052684",
 "doctype": "DocType",
 "editable_grid": 1,
 "engine": "InnoDB",
 "field_order": [
  "chart",
  "width"
 ],
 "fields": [
  {
   "columns": 8,
   "fieldname": "chart",
   "fieldtype": "Link",
   "in_list_view": 1,
   "label": "Chart",
   "options": "Dashboard Chart"
  },
  {
   "default": "Half",
   "fieldname": "width",
   "fieldtype": "Select",
   "in_list_view": 1,
   "label": "Width",
   "options": "Half\nFull"
  }
 ],
 "istable": 1,
 "links": [],
 "modified": "2020-03-13 19:23:05.561687",
 "modified_by": "Administrator",
 "module": "Desk",
 "name": "Dashboard Chart Link",
 "owner": "Administrator",
 "permissions": [],
 "quick_entry": 1,
 "sort_field": "modified",
 "sort_order": "ASC",
 "track_changes": 1
}