{
 "actions": [],
 "creation": "2020-04-19 17:43:50.858343",
 "doctype": "DocType",
 "editable_grid": 1,
 "engine": "InnoDB",
 "field_order": [
  "card"
 ],
 "fields": [
  {
   "fieldname": "card",
   "fieldtype": "Link",
   "in_list_view": 1,
   "label": "Card",
   "options": "Number Card"
  }
 ],
 "istable": 1,
 "links": [],
 "modified": "2020-04-19 17:45:11.878472",
 "modified_by": "Administrator",
 "module": "Desk",
 "name": "Number Card Link",
 "owner": "Administrator",
 "permissions": [],
 "quick_entry": 1,
 "sort_field": "modified",
 "sort_order": "DESC",
 "track_changes": 1
}