{
    "allow_copy": 0,
    "allow_guest_to_view": 0,
    "allow_import": 0,
    "allow_rename": 0,
    "beta": 0,
    "creation": "2018-09-21 15:44:58.836156",
    "custom": 0,
    "docstatus": 0,
    "doctype": "DocType",
    "document_type": "",
    "editable_grid": 1,
    "engine": "InnoDB",
    "fields": [
     {
      "allow_bulk_edit": 0,
      "allow_in_quick_entry": 0,
      "allow_on_submit": 0,
      "bold": 0,
      "collapsible": 0,
      "columns": 0,
      "fieldname": "reference_doctype",
      "fieldtype": "Link",
      "hidden": 0,
      "ignore_user_permissions": 0,
      "ignore_xss_filter": 0,
      "in_filter": 0,
      "in_global_search": 0,
      "in_list_view": 1,
      "in_standard_filter": 0,
      "label": "Reference Document Type",
      "length": 0,
      "no_copy": 0,
      "options": "DocType",
      "permlevel": 0,
      "precision": "",
      "print_hide": 0,
      "print_hide_if_no_value": 0,
      "read_only": 0,
      "remember_last_selected_value": 0,
      "report_hide": 0,
      "reqd": 1,
      "search_index": 0,
      "set_only_once": 0,
      "translatable": 0,
      "unique": 0
     },
     {
      "allow_bulk_edit": 0,
      "allow_in_quick_entry": 0,
      "allow_on_submit": 0,
      "bold": 0,
      "collapsible": 0,
      "columns": 0,
      "fieldname": "reference_docname",
      "fieldtype": "Dynamic Link",
      "hidden": 0,
      "ignore_user_permissions": 0,
      "ignore_xss_filter": 0,
      "in_filter": 0,
      "in_global_search": 0,
      "in_list_view": 1,
      "in_standard_filter": 0,
      "label": "Reference Name",
      "length": 0,
      "no_copy": 0,
      "options": "reference_doctype",
      "permlevel": 0,
      "precision": "",
      "print_hide": 0,
      "print_hide_if_no_value": 0,
      "read_only": 0,
      "remember_last_selected_value": 0,
      "report_hide": 0,
      "reqd": 1,
      "search_index": 0,
      "set_only_once": 0,
      "translatable": 0,
      "unique": 0
     }
    ],
    "has_web_view": 0,
    "hide_heading": 0,
    "hide_toolbar": 0,
    "idx": 0,
    "image_view": 0,
    "in_create": 0,
    "is_submittable": 0,
    "issingle": 0,
    "istable": 1,
    "max_attachments": 0,
    "modified": "2019-09-05 14:22:27.664645",
    "modified_by": "Administrator",
    "module": "Desk",
    "name": "Event Participants",
    "name_case": "",
    "owner": "Administrator",
    "permissions": [],
    "quick_entry": 1,
    "read_only": 0,
    "read_only_onload": 0,
    "show_name_in_global_search": 0,
    "sort_field": "modified",
    "sort_order": "DESC",
    "track_changes": 1,
    "track_seen": 0,
    "track_views": 0
   }