{
 "actions": [],
 "creation": "2020-04-30 18:27:48.255489",
 "doctype": "DocType",
 "editable_grid": 1,
 "engine": "InnoDB",
 "field_order": [
  "role"
 ],
 "fields": [
  {
   "fieldname": "role",
   "fieldtype": "Link",
   "in_list_view": 1,
   "label": "Role",
   "options": "Role",
   "reqd": 1
  }
 ],
 "istable": 1,
 "links": [],
 "modified": "2020-04-30 18:28:40.423802",
 "modified_by": "Administrator",
 "module": "Desk",
 "name": "Onboarding Permission",
 "owner": "Administrator",
 "permissions": [],
 "quick_entry": 1,
 "sort_field": "modified",
 "sort_order": "DESC",
 "track_changes": 1
}