{
 "actions": [],
 "creation": "2020-02-28 11:40:27.017380",
 "doctype": "DocType",
 "editable_grid": 1,
 "engine": "InnoDB",
 "field_order": [
  "y_field",
  "color"
 ],
 "fields": [
  {
   "fieldname": "y_field",
   "fieldtype": "Select",
   "in_list_view": 1,
   "label": "Y Field"
  },
  {
   "fieldname": "color",
   "fieldtype": "Color",
   "in_list_view": 1,
   "label": "Color"
  }
 ],
 "istable": 1,
 "links": [],
 "modified": "2020-02-28 11:48:24.731946",
 "modified_by": "Administrator",
 "module": "Desk",
 "name": "Dashboard Chart Field",
 "owner": "Administrator",
 "permissions": [],
 "quick_entry": 1,
 "sort_field": "modified",
 "sort_order": "DESC",
 "track_changes": 1
}